{"loss": [1.8300758600234985, 0.8521450757980347, 0.5963647365570068, 0.4576694369316101, 0.3715486526489258, 0.31134310364723206, 0.2669859528541565, 0.23209163546562195, 0.20760464668273926, 0.18192167580127716], "accuracy": [0.46781420707702637, 0.7331246733665466, 0.8089764714241028, 0.8533750772476196, 0.8799914717674255, 0.8990397453308105, 0.9125542640686035, 0.9231951236724854, 0.9305640459060669, 0.9395689368247986], "val_loss": [0.8455390930175781, 0.5182345509529114, 0.4069303274154663, 0.2932041585445404, 0.2694864273071289, 0.25693777203559875, 0.22825796902179718, 0.16994106769561768, 0.15559273958206177, 0.16067858040332794], "val_accuracy": [0.736854076385498, 0.8406555652618408, 0.866776704788208, 0.9078648090362549, 0.9109947681427002, 0.9168563485145569, 0.9243683218955994, 0.9430343508720398, 0.9487821459770203, 0.9462212324142456]}